Song Name,Chunk Number,danceability,energy,loudness,speechiness,acousticness,instrumentalness,liveness,valence,tempo
"Haule Haule",1,0.7671,0.4863,-11.2558,0.1527,0.4448,0,0.0948,0.7602,149.117
"Haule Haule",2,0.646,0.6881,-6.9908,0.1086,0.5248,0,0.1343,0.8356,170.6429
"Haule Haule",3,0.611,0.6944,-8.7224,0.0735,0.4005,0.4529,0.1237,0.7628,162.0315
"Haule Haule",4,0.6774,0.5722,-7.9916,0.1085,0.4764,0,0.1055,0.8032,170.578
"Haule Haule",5,0.6546,0.6874,-6.8912,0.1084,0.5417,0,0.1213,0.8151,169.8868
"Haule Haule",6,0.524,0.5639,-8.4332,0.0593,0.4928,0.034,0.1284,0.6008,144.5752
"Haule Haule",7,0.69,0.6438,-7.8426,0.0937,0.4047,0,0.1078,0.8161,156.2182
"Haule Haule",8,0.6548,0.6714,-6.5284,0.1054,0.5018,0,0.1186,0.772,169.7785
"Haule Haule",9,0.5519,0.5681,-10.4678,0.0821,0.5278,0.0075,0.162,0.6671,150.0954
"Haule Haule",1,0.7671,0.4863,-11.2558,0.1527,0.4448,0,0.0948,0.7602,149.117
"Haule Haule",2,0.646,0.6881,-6.9908,0.1086,0.5248,0,0.1343,0.8356,170.6429
"Haule Haule",3,0.611,0.6944,-8.7224,0.0735,0.4005,0.4529,0.1237,0.7628,162.0315
"Haule Haule",4,0.6774,0.5722,-7.9916,0.1085,0.4764,0,0.1055,0.8032,170.578
"Haule Haule",5,0.6546,0.6874,-6.8912,0.1084,0.5417,0,0.1213,0.8151,169.8868
"Haule Haule",6,0.524,0.5639,-8.4332,0.0593,0.4928,0.034,0.1284,0.6008,144.5752
"Haule Haule",7,0.69,0.6438,-7.8426,0.0937,0.4047,0,0.1078,0.8161,156.2182
"Haule Haule",8,0.6548,0.6714,-6.5284,0.1054,0.5018,0,0.1186,0.772,169.7785
"Haule Haule",9,0.5519,0.5681,-10.4678,0.0821,0.5278,0.0075,0.162,0.6671,150.0954
"Summertime Sadness (Lana Del Rey Vs. Cedric Gervais) - Cedric Gervais Remix",1,0.4679,0.3072,-12.1164,0.0387,0.6994,0.0102,0.1288,0.1922,110.9388
"Summertime Sadness (Lana Del Rey Vs. Cedric Gervais) - Cedric Gervais Remix",2,0.5948,0.593,-7.2545,0.0458,0.2812,0.0076,0.1271,0.2922,121.6086
"Summertime Sadness (Lana Del Rey Vs. Cedric Gervais) - Cedric Gervais Remix",3,0.5577,0.7297,-7.1615,0.0538,0.0692,0.0526,0.1766,0.2341,128.0844
"Summertime Sadness (Lana Del Rey Vs. Cedric Gervais) - Cedric Gervais Remix",5,0.5058,0.4686,-8.8263,0.0453,0.3397,0.0128,0.1249,0.1844,113.9651
"Summertime Sadness (Lana Del Rey Vs. Cedric Gervais) - Cedric Gervais Remix",6,0.5868,0.7319,-7.4982,0.0528,0.0581,0.0283,0.1742,0.2563,128.6742
"Summertime Sadness (Lana Del Rey Vs. Cedric Gervais) - Cedric Gervais Remix",7,0.5129,0.7686,-6.1448,0.0631,0.046,0.0415,0.1919,0.2626,128.3156
"Summertime Sadness (Lana Del Rey Vs. Cedric Gervais) - Cedric Gervais Remix",8,0.0464,0.5164,-13.0688,0.0157,0.5089,0.7837,0.1852,0.2239,64.9477
"drivers license",1,0.4541,0.1267,-17.7278,0.0641,0.8836,0.0255,0.1111,0.2149,92.0358
"drivers license",2,0.5204,0.2391,-12.5803,0.0409,0.9638,0.0095,0.1052,0.3178,132.7309
"drivers license",3,0.4898,0.2777,-11.2589,0.0383,0.928,0.0064,0.1065,0.1752,136.5818
"drivers license",4,0.6618,0.4682,-10.5104,0.1046,0.7131,0.0076,0.1006,0.4729,146.9051
"drivers license",5,0.5422,0.4773,-9.246,0.0533,0.688,0.0156,0.1078,0.2516,152.6283
"drivers license",6,0.5153,0.4701,-8.5821,0.0414,0.5231,0.0098,0.1215,0.1695,137.5692
"drivers license",7,0.497,0.2542,-12.4119,0.0397,0.7494,0.0046,0.1021,0.1703,146.7794
"drivers license",8,0.53,0.0934,-17.2467,0.0707,0.9398,0.0094,0.1006,0.2295,107.5713
"drivers license",9,0.6715,1,3.5855,0.1716,0.0904,0.8603,0.1839,0,182.4895
"Manwa Laage",1,0.5129,0.3717,-17.5635,0.0392,0.5813,0.4103,0.1119,0.6659,106.6034
"Manwa Laage",2,0.6341,0.5401,-9.0534,0.0579,0.4826,0.0082,0.1202,0.5854,165.7595
"Manwa Laage",3,0.5776,0.5726,-7.6795,0.0408,0.5539,0.0036,0.1293,0.5389,131.3967
"Manwa Laage",4,0.4764,0.4908,-11.7849,0.0295,0.4391,0.8545,0.1156,0.5373,156.4073
"Manwa Laage",5,0.5423,0.5655,-7.5187,0.0353,0.5778,0,0.1321,0.6623,152.824
"Manwa Laage",6,0.5771,0.4966,-8.8848,0.0461,0.5418,0.0057,0.1228,0.5223,111.9448
"Manwa Laage",7,0.5843,0.5489,-10.005,0.0487,0.4499,0.0028,0.1499,0.5348,95.7984
"Manwa Laage",8,0.5495,0.5847,-7.4938,0.0275,0.604,0.0078,0.1274,0.5181,135.0396
"Manwa Laage",9,0.5267,0.6256,-7.9598,0.0468,0.3235,0.0005,0.1359,0.402,155.1894
"Manwa Laage",10,0.6475,1,2.8518,0.1462,0,0.7202,0.1846,0.0383,173.4339
"Blank Space",1,0.8168,0.501,-8.5906,0.1477,0.4113,0,0.1178,0.6169,105.8089
"Blank Space",2,0.7525,0.6462,-7.1931,0.1398,0.1907,0.0011,0.1202,0.5392,125.6526
"Blank Space",3,0.6923,0.5803,-6.5561,0.0866,0.1129,0.003,0.1153,0.3941,122.0292
"Blank Space",4,0.7145,0.6583,-6.73,0.1169,0.1841,0.0027,0.131,0.5177,109.8694
"Blank Space",5,0.6604,0.6868,-6.8293,0.1112,0.1328,0.0035,0.1344,0.4157,138.8605
"Blank Space",6,0.6628,0.5203,-7.4579,0.0938,0.2577,0,0.1377,0.4817,122.0934
"Blank Space",7,0.6246,0.6647,-6.7644,0.0726,0.1849,0.0037,0.1442,0.4364,107.074
"Blank Space",8,0.5082,0.6556,-7.4475,0.0776,0.1702,0,0.1722,0.3451,123.1078
"Gallan Goodiyaan",1,0.7841,0.6106,-8.657,0.1073,0.3025,0.0388,0.1215,0.7067,115.2226
"Gallan Goodiyaan",2,0.8146,0.8109,-5.2123,0.072,0.1898,0,0.1232,0.7577,121.9589
"Gallan Goodiyaan",3,0.7473,0.8369,-4.9043,0.0572,0.2516,0.0068,0.1294,0.7628,124.5174
"Gallan Goodiyaan",4,0.8195,0.7891,-5.3435,0.0911,0.128,0.0003,0.1123,0.7337,121.6276
"Gallan Goodiyaan",5,0.7341,0.8619,-4.6484,0.055,0.3046,0,0.1431,0.8234,125.1883
"Gallan Goodiyaan",6,0.8144,0.8792,-5.4898,0.1028,0.2441,0.0544,0.1139,0.744,125.5005
"Gallan Goodiyaan",7,0.7795,0.8187,-4.8196,0.0792,0.1013,0,0.1247,0.8125,127.5838
"Gallan Goodiyaan",8,0.7971,0.8295,-5.305,0.0737,0.1911,0,0.1313,0.8801,122.4834
"Gallan Goodiyaan",9,0.6613,0.8992,-4.4933,0.0604,0.1743,0.0004,0.1629,0.849,126.2466
"Gallan Goodiyaan",10,0.647,0.8753,-5.5376,0.0641,0.1741,0.1231,0.1611,0.6998,127.8581
"Uptown Funk (feat. Bruno Mars)",1,0.8871,0.4925,-10.1277,0.2195,0.1305,0,0.1291,0.76,110.1697
"Uptown Funk (feat. Bruno Mars)",2,0.882,0.5977,-8.4185,0.1179,0.0645,0.0041,0.1169,0.7758,115.3234
"Uptown Funk (feat. Bruno Mars)",3,0.7429,0.8369,-6.284,0.0671,0.0113,0.0388,0.1615,0.7761,118.1483
"Uptown Funk (feat. Bruno Mars)",4,0.8933,0.6148,-7.5987,0.1201,0.009,0.0058,0.1209,0.7782,115.7868
"Uptown Funk (feat. Bruno Mars)",5,0.824,0.6635,-7.5628,0.0853,0.063,0.0018,0.1159,0.7573,116.0045
"Uptown Funk (feat. Bruno Mars)",6,0.7858,0.7194,-6.9848,0.0758,0,0.2429,0.1182,0.7231,113.7315
"Uptown Funk (feat. Bruno Mars)",7,0.8926,0.5788,-8.5382,0.0953,0.0384,0.0329,0.1139,0.7061,112.0434
"Uptown Funk (feat. Bruno Mars)",8,0.6915,0.8529,-5.8217,0.067,0.0346,0.0382,0.1932,0.7027,112.1996
"Uptown Funk (feat. Bruno Mars)",9,0.6351,0.9177,-5.2927,0.0842,0,0.1051,0.2194,0.581,110.3885
"Uptown Funk (feat. Bruno Mars)",1,0.8871,0.4925,-10.1277,0.2195,0.1305,0,0.1291,0.76,110.1697
"Uptown Funk (feat. Bruno Mars)",2,0.882,0.5977,-8.4185,0.1179,0.0645,0.0041,0.1169,0.7758,115.3234
"Uptown Funk (feat. Bruno Mars)",3,0.7429,0.8369,-6.284,0.0671,0.0113,0.0388,0.1615,0.7761,118.1483
"Uptown Funk (feat. Bruno Mars)",4,0.8933,0.6148,-7.5987,0.1201,0.009,0.0058,0.1209,0.7782,115.7868
"Uptown Funk (feat. Bruno Mars)",5,0.824,0.6635,-7.5628,0.0853,0.063,0.0018,0.1159,0.7573,116.0045
"Uptown Funk (feat. Bruno Mars)",6,0.7858,0.7194,-6.9848,0.0758,0,0.2429,0.1182,0.7231,113.7315
"Uptown Funk (feat. Bruno Mars)",7,0.8926,0.5788,-8.5382,0.0953,0.0384,0.0329,0.1139,0.7061,112.0434
"Uptown Funk (feat. Bruno Mars)",8,0.6915,0.8529,-5.8217,0.067,0.0346,0.0382,0.1932,0.7027,112.1996
"Uptown Funk (feat. Bruno Mars)",9,0.6351,0.9177,-5.2927,0.0842,0,0.1051,0.2194,0.581,110.3885
"Uptown Funk (feat. Bruno Mars)",1,0.8871,0.4925,-10.1277,0.2195,0.1305,0,0.1291,0.76,110.1697
"Uptown Funk (feat. Bruno Mars)",2,0.882,0.5977,-8.4185,0.1179,0.0645,0.0041,0.1169,0.7758,115.3234
"Uptown Funk (feat. Bruno Mars)",3,0.7429,0.8369,-6.284,0.0671,0.0113,0.0388,0.1615,0.7761,118.1483
"Uptown Funk (feat. Bruno Mars)",4,0.8933,0.6148,-7.5987,0.1201,0.009,0.0058,0.1209,0.7782,115.7868
"Uptown Funk (feat. Bruno Mars)",5,0.824,0.6635,-7.5628,0.0853,0.063,0.0018,0.1159,0.7573,116.0045
"Uptown Funk (feat. Bruno Mars)",6,0.7858,0.7194,-6.9848,0.0758,0,0.2429,0.1182,0.7231,113.7315
"Uptown Funk (feat. Bruno Mars)",7,0.8926,0.5788,-8.5382,0.0953,0.0384,0.0329,0.1139,0.7061,112.0434
"Uptown Funk (feat. Bruno Mars)",8,0.6915,0.8529,-5.8217,0.067,0.0346,0.0382,0.1932,0.7027,112.1996
"Uptown Funk (feat. Bruno Mars)",9,0.6351,0.9177,-5.2927,0.0842,0,0.1051,0.2194,0.581,110.3885
"Uptown Funk (feat. Bruno Mars)",1,0.8871,0.4925,-10.1277,0.2195,0.1305,0,0.1291,0.76,110.1697
"Uptown Funk (feat. Bruno Mars)",2,0.882,0.5977,-8.4185,0.1179,0.0645,0.0041,0.1169,0.7758,115.3234
"Uptown Funk (feat. Bruno Mars)",3,0.7429,0.8369,-6.284,0.0671,0.0113,0.0388,0.1615,0.7761,118.1483
"Uptown Funk (feat. Bruno Mars)",4,0.8933,0.6148,-7.5987,0.1201,0.009,0.0058,0.1209,0.7782,115.7868
"Uptown Funk (feat. Bruno Mars)",5,0.824,0.6635,-7.5628,0.0853,0.063,0.0018,0.1159,0.7573,116.0045
"Uptown Funk (feat. Bruno Mars)",6,0.7858,0.7194,-6.9848,0.0758,0,0.2429,0.1182,0.7231,113.7315
"Uptown Funk (feat. Bruno Mars)",7,0.8926,0.5788,-8.5382,0.0953,0.0384,0.0329,0.1139,0.7061,112.0434
"Uptown Funk (feat. Bruno Mars)",8,0.6915,0.8529,-5.8217,0.067,0.0346,0.0382,0.1932,0.7027,112.1996
"Uptown Funk (feat. Bruno Mars)",9,0.6351,0.9177,-5.2927,0.0842,0,0.1051,0.2194,0.581,110.3885
"Uptown Funk (feat. Bruno Mars)",1,0.8871,0.4925,-10.1277,0.2195,0.1305,0,0.1291,0.76,110.1697
"Uptown Funk (feat. Bruno Mars)",2,0.882,0.5977,-8.4185,0.1179,0.0645,0.0041,0.1169,0.7758,115.3234
"Uptown Funk (feat. Bruno Mars)",3,0.7429,0.8369,-6.284,0.0671,0.0113,0.0388,0.1615,0.7761,118.1483
"Uptown Funk (feat. Bruno Mars)",4,0.8933,0.6148,-7.5987,0.1201,0.009,0.0058,0.1209,0.7782,115.7868
"Uptown Funk (feat. Bruno Mars)",5,0.824,0.6635,-7.5628,0.0853,0.063,0.0018,0.1159,0.7573,116.0045
"Uptown Funk (feat. Bruno Mars)",6,0.7858,0.7194,-6.9848,0.0758,0,0.2429,0.1182,0.7231,113.7315
"Uptown Funk (feat. Bruno Mars)",7,0.8926,0.5788,-8.5382,0.0953,0.0384,0.0329,0.1139,0.7061,112.0434
"Uptown Funk (feat. Bruno Mars)",8,0.6915,0.8529,-5.8217,0.067,0.0346,0.0382,0.1932,0.7027,112.1996
"Uptown Funk (feat. Bruno Mars)",9,0.6351,0.9177,-5.2927,0.0842,0,0.1051,0.2194,0.581,110.3885
"Sheila Ki Jawani",1,0.7307,0.5311,-9.715,0.125,0.493,0.0203,0.146,0.7059,100.6982
"Sheila Ki Jawani",2,0.8058,0.7563,-6.7801,0.1303,0.3263,0.0055,0.1605,0.6323,142.1876
"Sheila Ki Jawani",3,0.6806,0.794,-5.8416,0.1026,0.2232,0,0.1913,0.6573,139.7817
"Sheila Ki Jawani",4,0.7076,0.7662,-5.9073,0.087,0.3378,0.004,0.1928,0.6903,135.4108
"Sheila Ki Jawani",5,0.6816,0.7374,-5.8287,0.1587,0.358,0,0.204,0.6679,146.2743
"Sheila Ki Jawani",6,0.6403,0.7438,-7.3023,0.0726,0.1595,0.0146,0.1834,0.66,122.612
"Sheila Ki Jawani",7,0.695,0.7765,-5.724,0.1184,0.3864,0,0.191,0.7167,128.5302
"Sheila Ki Jawani",8,0.7994,0.7481,-6.5219,0.1113,0.4943,0,0.1826,0.7763,132.1046
"Sheila Ki Jawani",9,0.5767,0.871,-4.8974,0.0642,0.3702,0,0.2541,0.7167,143.8373
"Sheila Ki Jawani",10,0.2105,0.5979,-10.9276,0.059,0.6088,0.2373,0.2096,0.4282,85.8888
"Sheila Ki Jawani",1,0.7307,0.5311,-9.715,0.125,0.493,0.0203,0.146,0.7059,100.6982
"Sheila Ki Jawani",2,0.8058,0.7563,-6.7801,0.1303,0.3263,0.0055,0.1605,0.6323,142.1876
"Sheila Ki Jawani",3,0.6806,0.794,-5.8416,0.1026,0.2232,0,0.1913,0.6573,139.7817
"Sheila Ki Jawani",4,0.7076,0.7662,-5.9073,0.087,0.3378,0.004,0.1928,0.6903,135.4108
"Sheila Ki Jawani",5,0.6816,0.7374,-5.8287,0.1587,0.358,0,0.204,0.6679,146.2743
"Sheila Ki Jawani",6,0.6403,0.7438,-7.3023,0.0726,0.1595,0.0146,0.1834,0.66,122.612
"Sheila Ki Jawani",7,0.695,0.7765,-5.724,0.1184,0.3864,0,0.191,0.7167,128.5302
"Sheila Ki Jawani",8,0.7994,0.7481,-6.5219,0.1113,0.4943,0,0.1826,0.7763,132.1046
"Sheila Ki Jawani",9,0.5767,0.871,-4.8974,0.0642,0.3702,0,0.2541,0.7167,143.8373
"Sheila Ki Jawani",10,0.2105,0.5979,-10.9276,0.059,0.6088,0.2373,0.2096,0.4282,85.8888
"Sheila Ki Jawani",1,0.7307,0.5311,-9.715,0.125,0.493,0.0203,0.146,0.7059,100.6982
"Sheila Ki Jawani",2,0.8058,0.7563,-6.7801,0.1303,0.3263,0.0055,0.1605,0.6323,142.1876
"Sheila Ki Jawani",3,0.6806,0.794,-5.8416,0.1026,0.2232,0,0.1913,0.6573,139.7817
"Sheila Ki Jawani",4,0.7076,0.7662,-5.9073,0.087,0.3378,0.004,0.1928,0.6903,135.4108
"Sheila Ki Jawani",5,0.6816,0.7374,-5.8287,0.1587,0.358,0,0.204,0.6679,146.2743
"Sheila Ki Jawani",6,0.6403,0.7438,-7.3023,0.0726,0.1595,0.0146,0.1834,0.66,122.612
"Sheila Ki Jawani",7,0.695,0.7765,-5.724,0.1184,0.3864,0,0.191,0.7167,128.5302
"Sheila Ki Jawani",8,0.7994,0.7481,-6.5219,0.1113,0.4943,0,0.1826,0.7763,132.1046
"Sheila Ki Jawani",9,0.5767,0.871,-4.8974,0.0642,0.3702,0,0.2541,0.7167,143.8373
"Sheila Ki Jawani",10,0.2105,0.5979,-10.9276,0.059,0.6088,0.2373,0.2096,0.4282,85.8888
"Chammak Challo",1,0.7957,0.8207,-7.3214,0.0906,0.0752,0.0537,0.1151,0.7241,129.9351
"Chammak Challo",2,0.6811,0.8529,-5.6261,0.0665,0.1075,0,0.1823,0.7466,134.6154
"Chammak Challo",3,0.7273,0.8047,-6.5959,0.0592,0.1545,0.0089,0.1439,0.7698,136.8136
"Chammak Challo",4,0.6881,0.837,-5.6238,0.0484,0.1035,0.0021,0.1592,0.6895,132.057
"Chammak Challo",5,0.6925,0.8574,-6.2003,0.0605,0.1479,0.005,0.1759,0.7447,133.9422
"Chammak Challo",6,0.6487,0.8251,-6.3167,0.0477,0.1442,0.003,0.1831,0.6217,135.0078
"Chammak Challo",7,0.6507,0.7791,-6.2803,0.0391,0.079,0.0028,0.1657,0.6327,133.6557
"Chammak Challo",8,0.4263,0.7215,-9.1781,0.0339,0.0456,0.6179,0.1809,0.4413,122.5186
"Chammak Challo",1,0.7957,0.8207,-7.3214,0.0906,0.0752,0.0537,0.1151,0.7241,129.9351
"Chammak Challo",2,0.6811,0.8529,-5.6261,0.0665,0.1075,0,0.1823,0.7466,134.6154
"Chammak Challo",3,0.7273,0.8047,-6.5959,0.0592,0.1545,0.0089,0.1439,0.7698,136.8136
"Chammak Challo",4,0.6881,0.837,-5.6238,0.0484,0.1035,0.0021,0.1592,0.6895,132.057
"Chammak Challo",5,0.6925,0.8574,-6.2003,0.0605,0.1479,0.005,0.1759,0.7447,133.9422
"Chammak Challo",6,0.6487,0.8251,-6.3167,0.0477,0.1442,0.003,0.1831,0.6217,135.0078
"Chammak Challo",7,0.6507,0.7791,-6.2803,0.0391,0.079,0.0028,0.1657,0.6327,133.6557
"Chammak Challo",8,0.4263,0.7215,-9.1781,0.0339,0.0456,0.6179,0.1809,0.4413,122.5186
"Ye Ishq Hai",1,0.7281,0.484,-10.6866,0.0962,0.5903,0.0243,0.1133,0.6609,112.8521
"Ye Ishq Hai",2,0.7909,0.6602,-6.5011,0.0859,0.3473,0,0.1159,0.7752,118.6551
"Ye Ishq Hai",3,0.6938,0.7055,-7.3817,0.0795,0.2368,0.0065,0.1433,0.7289,119.6718
"Ye Ishq Hai",4,0.8149,0.6536,-8.0685,0.1194,0.4794,0,0.1375,0.7882,119.6626
"Ye Ishq Hai",5,0.7107,0.6997,-6.8737,0.079,0.2557,0,0.1324,0.7708,132.1768
"Ye Ishq Hai",6,0.7003,0.6456,-7.7214,0.069,0.4162,0,0.1364,0.7933,119.205
"Ye Ishq Hai",7,0.7582,0.7158,-6.265,0.1294,0.4305,0,0.1294,0.7805,123.9365
"Ye Ishq Hai",8,0.7907,0.614,-7.7994,0.1174,0.4011,0,0.1216,0.7534,123.8218
"Ye Ishq Hai",9,0.8053,0.714,-6.5197,0.1138,0.32,0,0.1264,0.8124,111.0481
"Ye Ishq Hai",10,0.3431,0.6277,-8.1235,0.0475,0.4624,0.0262,0.1844,0.5176,114.3307
"Ye Ishq Hai",1,0.7281,0.484,-10.6866,0.0962,0.5903,0.0243,0.1133,0.6609,112.8521
"Ye Ishq Hai",2,0.7909,0.6602,-6.5011,0.0859,0.3473,0,0.1159,0.7752,118.6551
"Ye Ishq Hai",3,0.6938,0.7055,-7.3817,0.0795,0.2368,0.0065,0.1433,0.7289,119.6718
"moves like jagger - studio recording from the voice performance",1,0.8016,0.5786,-8.6591,0.0944,0.1645,0.0457,0.106,0.6875,124.1299
"moves like jagger - studio recording from the voice performance",2,0.7341,0.7407,-6.1694,0.0738,0.0215,0.0102,0.1399,0.5807,118.1349
"moves like jagger - studio recording from the voice performance",3,0.773,0.7018,-7.8379,0.0724,0.0194,0.0089,0.1311,0.6785,121.4357
"moves like jagger - studio recording from the voice performance",4,0.7319,0.7723,-6.6826,0.07,0.0337,0.0116,0.151,0.5995,122.2523
"moves like jagger - studio recording from the voice performance",5,0.687,0.8081,-5.679,0.1645,0.0379,0.0064,0.1664,0.564,121.3889
"moves like jagger - studio recording from the voice performance",6,0.6851,0.8195,-6.1179,0.0929,0.0317,0.0032,0.1843,0.6498,123.2974
"moves like jagger - studio recording from the voice performance",7,0.6003,0.767,-7.6006,0.0945,0.1393,0.0125,0.1988,0.6068,112.4687
"moves like jagger - studio recording from the voice performance",1,0.8016,0.5786,-8.6591,0.0944,0.1645,0.0457,0.106,0.6875,124.1299
"moves like jagger - studio recording from the voice performance",2,0.7341,0.7407,-6.1694,0.0738,0.0215,0.0102,0.1399,0.5807,118.1349
"moves like jagger - studio recording from the voice performance",3,0.773,0.7018,-7.8379,0.0724,0.0194,0.0089,0.1311,0.6785,121.4357
"moves like jagger - studio recording from the voice performance",4,0.7319,0.7723,-6.6826,0.07,0.0337,0.0116,0.151,0.5995,122.2523
"moves like jagger - studio recording from the voice performance",5,0.687,0.8081,-5.679,0.1645,0.0379,0.0064,0.1664,0.564,121.3889
"moves like jagger - studio recording from the voice performance",6,0.6851,0.8195,-6.1179,0.0929,0.0317,0.0032,0.1843,0.6498,123.2974
"moves like jagger - studio recording from the voice performance",7,0.6003,0.767,-7.6006,0.0945,0.1393,0.0125,0.1988,0.6068,112.4687
"six feet under",1,0.5423,0.1154,-15.0802,0.0456,0.8437,0.0192,0.1169,0.2101,94.3732
"six feet under",2,0.4236,0.231,-14.9775,0.0353,0.8913,0.1964,0.1094,0.0742,109.6889
"six feet under",3,0.4249,0.244,-14.7348,0.0419,0.8099,0.0346,0.1233,0.1065,94.885
"six feet under",4,0.4021,0.3265,-12.6985,0.0358,0.8173,0.0849,0.1226,0.125,138.1494
"six feet under",5,0.4583,0.2084,-13.2209,0.0356,0.7936,0.0112,0.1164,0.1836,98.6522
"six feet under",6,0.3859,0.0118,-19.331,0.0436,0.9484,0.0326,0.1081,0.1636,149.0589
"six feet under",7,0.1851,0.0521,-28.3652,0.0413,0.7767,0.6845,0.1437,0.0169,92.1271
"deva deva from brahmastra",1,0.3949,0.1485,-14.7741,0.0383,0.9454,0.0316,0.1202,0.1443,106.2799
"deva deva from brahmastra",2,0.6437,0.5594,-9.4165,0.0399,0.6146,0.0342,0.1066,0.3616,114.0353
"deva deva from brahmastra",3,0.5546,0.5853,-8.3179,0.0579,0.6013,0.0043,0.1508,0.3468,117.998
"deva deva from brahmastra",4,0.516,0.6002,-9.0221,0.0333,0.5853,0.0228,0.1286,0.3519,111.5665
"deva deva from brahmastra",5,0.4432,0.6808,-8.999,0.0365,0.5721,0.3265,0.1322,0.3361,118.16
"deva deva from brahmastra",6,0.5621,0.464,-9.8644,0.0294,0.7489,0.0049,0.1152,0.3261,113.0652
"deva deva from brahmastra",7,0.4882,0.6171,-8.6482,0.0376,0.6309,0.0205,0.1338,0.318,114.6971
"deva deva from brahmastra",8,0.4909,0.7216,-8.4672,0.0373,0.4809,0.0438,0.1294,0.3514,114.7189
"deva deva from brahmastra",9,0.3653,0.4406,-13.1726,0.042,0.726,0.633,0.126,0.1614,110.4527
"deva deva from brahmastra",10,0.6801,1,2.3489,0.1499,0.1153,0.8041,0.1828,0.0024,156.8224
"tum jo aaye",1,0.6974,0.7093,-8.5446,0.0636,0.4537,0.0593,0.1354,0.9216,95.4433
"tum jo aaye",2,0.6377,0.7101,-7.6029,0.0769,0.5132,0.0072,0.1404,0.7609,116.2674
"tum jo aaye",3,0.6371,0.7285,-7.2183,0.0568,0.4408,0,0.1467,0.8856,139.9658
"tum jo aaye",4,0.6318,0.713,-7.679,0.0601,0.3066,0.0247,0.1296,0.8524,124.5424
"tum jo aaye",5,0.5722,0.6654,-6.6237,0.054,0.4886,0.0026,0.1362,0.6322,127.7665
"tum jo aaye",6,0.6212,0.7746,-8.3979,0.0569,0.2705,0.0572,0.1366,0.9368,122.9311
"tum jo aaye",7,0.5688,0.76,-5.744,0.0579,0.3851,0.0014,0.136,0.734,146.2768
"tum jo aaye",8,0.6289,0.6273,-7.6222,0.0705,0.5011,0.0021,0.1342,0.7375,120.0398
"tum jo aaye",9,0.5958,0.7015,-7.1881,0.0533,0.4141,0.0019,0.1482,0.7647,127.5879
"tum jo aaye",10,0.34,0.7224,-9.1869,0.0453,0.3404,0.3008,0.178,0.5806,107.1938
"tum jo aaye",1,0.6974,0.7093,-8.5446,0.0636,0.4537,0.0593,0.1354,0.9216,95.4433
"tum jo aaye",2,0.6377,0.7101,-7.6029,0.0769,0.5132,0.0072,0.1404,0.7609,116.2674
"tum jo aaye",3,0.6371,0.7285,-7.2183,0.0568,0.4408,0,0.1467,0.8856,139.9658
"tum jo aaye",4,0.6318,0.713,-7.679,0.0601,0.3066,0.0247,0.1296,0.8524,124.5424
"tum jo aaye",5,0.5722,0.6654,-6.6237,0.054,0.4886,0.0026,0.1362,0.6322,127.7665
"tum jo aaye",6,0.6212,0.7746,-8.3979,0.0569,0.2705,0.0572,0.1366,0.9368,122.9311
"tum jo aaye",7,0.5688,0.76,-5.744,0.0579,0.3851,0.0014,0.136,0.734,146.2768
"tum jo aaye",8,0.6289,0.6273,-7.6222,0.0705,0.5011,0.0021,0.1342,0.7375,120.0398
"tum jo aaye",9,0.5958,0.7015,-7.1881,0.0533,0.4141,0.0019,0.1482,0.7647,127.5879
"tum jo aaye",10,0.34,0.7224,-9.1869,0.0453,0.3404,0.3008,0.178,0.5806,107.1938
"tum jo aaye",1,0.6974,0.7093,-8.5446,0.0636,0.4537,0.0593,0.1354,0.9216,95.4433
"tum jo aaye",2,0.6377,0.7101,-7.6029,0.0769,0.5132,0.0072,0.1404,0.7609,116.2674
"tum jo aaye",3,0.6371,0.7285,-7.2183,0.0568,0.4408,0,0.1467,0.8856,139.9658
"tum jo aaye",4,0.6318,0.713,-7.679,0.0601,0.3066,0.0247,0.1296,0.8524,124.5424
"tum jo aaye",5,0.5722,0.6654,-6.6237,0.054,0.4886,0.0026,0.1362,0.6322,127.7665
"tum jo aaye",6,0.6212,0.7746,-8.3979,0.0569,0.2705,0.0572,0.1366,0.9368,122.9311
"tum jo aaye",7,0.5688,0.76,-5.744,0.0579,0.3851,0.0014,0.136,0.734,146.2768
"tum jo aaye",8,0.6289,0.6273,-7.6222,0.0705,0.5011,0.0021,0.1342,0.7375,120.0398
"tum jo aaye",9,0.5958,0.7015,-7.1881,0.0533,0.4141,0.0019,0.1482,0.7647,127.5879
"tum jo aaye",10,0.34,0.7224,-9.1869,0.0453,0.3404,0.3008,0.178,0.5806,107.1938
"no lie",1,0.7676,0.6563,-9.4107,0.1785,0.3675,0,0.1345,0.7556,108.29
"no lie",2,0.7115,0.768,-6.1135,0.1193,0.0924,0,0.1161,0.5169,119.1984
"no lie",3,0.6053,0.7977,-5.2177,0.0903,0.1633,0,0.1531,0.5205,120.6603
"slow motion",1,0.8114,0.4192,-11.4109,0.1229,0.0946,0.0076,0.1137,0.4767,113.109
"slow motion",2,0.6473,0.653,-8.3245,0.0802,0.0541,0.0058,0.17,0.3967,103.4802
"slow motion",3,0.733,0.5853,-8.4517,0.1047,0.1253,0,0.1253,0.2887,116.4872
"slow motion",5,0.7179,0.836,-6.7338,0.0991,0.2276,0.003,0.1792,0.6888,128.6828
"slow motion",6,0.6821,0.6778,-7.3029,0.0705,0.0983,0.0028,0.1456,0.4165,107.6194
"slow motion",7,0.7455,0.639,-7.4128,0.0673,0.1676,0,0.1303,0.4767,105.8697
"slow motion",8,0.6349,0.7894,-6.4728,0.0558,0,0.0113,0.1626,0.2784,130.7681
"slow motion",9,0.0147,0.4467,-14.9635,0.0184,0.535,0.8873,0.1708,0.1705,91.2275
"treat you better",1,0.7514,0.2135,-14.5824,0.1965,0.838,0.0189,0.1265,0.5547,98.3618
"treat you better",2,0.5802,0.7569,-6.1311,0.0562,0.1522,0,0.1469,0.6742,98.4003
"treat you better",3,0.6464,0.6644,-7.0212,0.063,0.2532,0.0022,0.1196,0.6942,145.3179
"treat you better",4,0.518,0.8498,-5.0554,0.0594,0.0854,0.0006,0.1627,0.7665,141.7054
"treat you better",5,0.5745,0.5869,-6.8427,0.058,0.2646,0,0.1224,0.5522,132.291
"treat you better",6,0.5464,0.8303,-5.8298,0.0589,0.0956,0.0035,0.1546,0.6442,131.4191
"treat you better",7,0.2237,0.5924,-10.7501,0.0288,0.4149,0.7192,0.1809,0.3957,145.3612
"ek main aur ekk tu",1,0.7809,0.5573,-12.9505,0.099,0.0324,0.418,0.0965,0.7174,120.7089
"ek main aur ekk tu",2,0.6848,0.6564,-9.0732,0.0581,0.2527,0.0082,0.1254,0.6224,124.7781
"ek main aur ekk tu",3,0.7244,0.6691,-9.0816,0.0435,0.0879,0.0256,0.1196,0.6941,124.3271
"ek main aur ekk tu",4,0.711,0.529,-8.9313,0.0483,0.3967,0,0.1141,0.5249,120.3497
"ek main aur ekk tu",5,0.7216,0.715,-9.4352,0.0449,0.1687,0.0887,0.1347,0.8002,130.3395
"ek main aur ekk tu",6,0.7417,0.7389,-7.1929,0.0645,0.0931,0.0105,0.1423,0.7061,124.5227
"ek main aur ekk tu",7,0.594,0.6081,-8.0088,0.0546,0.5607,0,0.1228,0.5384,117.2025
"ek main aur ekk tu",8,0.6371,0.7368,-7.2895,0.0548,0.0627,0.0547,0.1555,0.6162,135.8814
"ek main aur ekk tu",9,0.6392,0.4105,-12.2514,0.1561,0.2472,0.1109,0.1245,0.5044,98.6723
"desi kalakaar",1,0.6488,0.4246,-11.6876,0.1555,0.7497,0.0036,0.1516,0.59,100.3395
"desi kalakaar",2,0.7516,0.6245,-7.7251,0.1859,0.2783,0,0.1417,0.5292,92.4261
"desi kalakaar",3,0.6913,0.6704,-7.3895,0.1655,0.1275,0.0066,0.1384,0.4827,120.6105
"desi kalakaar",4,0.669,0.5967,-8.1882,0.1524,0.1031,0.0024,0.1452,0.4203,113.1717
"desi kalakaar",5,0.6939,0.6562,-8.4687,0.1176,0.1625,0.0059,0.1273,0.49,92.4533
"desi kalakaar",6,0.8354,0.4641,-10.666,0.4596,0.0964,0.0023,0.1641,0.3981,107.7222
"desi kalakaar",7,0.7985,0.6041,-8.5678,0.2517,0.0791,0.0011,0.1412,0.4451,115.2066
"desi kalakaar",8,0.7335,0.6456,-7.6665,0.1645,0.1848,0,0.1336,0.4507,117.6374
"desi kalakaar",9,0.3949,0.5679,-10.9132,0.0927,0.4048,0.0343,0.1973,0.3682,61.1599
"ek main aur ekk tu",1,0.7809,0.5573,-12.9505,0.099,0.0324,0.418,0.0965,0.7174,120.7089
"ek main aur ekk tu",2,0.6848,0.6564,-9.0732,0.0581,0.2527,0.0082,0.1254,0.6224,124.7781
"ek main aur ekk tu",3,0.7244,0.6691,-9.0816,0.0435,0.0879,0.0256,0.1196,0.6941,124.3271
"ek main aur ekk tu",4,0.711,0.529,-8.9313,0.0483,0.3967,0,0.1141,0.5249,120.3497
"ek main aur ekk tu",5,0.7216,0.715,-9.4352,0.0449,0.1687,0.0887,0.1347,0.8002,130.3395
"ek main aur ekk tu",6,0.7417,0.7389,-7.1929,0.0645,0.0931,0.0105,0.1423,0.7061,124.5227
"ek main aur ekk tu",7,0.594,0.6081,-8.0088,0.0546,0.5607,0,0.1228,0.5384,117.2025
"ek main aur ekk tu",8,0.6371,0.7368,-7.2895,0.0548,0.0627,0.0547,0.1555,0.6162,135.8814
"ek main aur ekk tu",9,0.6392,0.4105,-12.2514,0.1561,0.2472,0.1109,0.1245,0.5044,98.6723
"ek main aur ekk tu",1,0.7809,0.5573,-12.9505,0.099,0.0324,0.418,0.0965,0.7174,120.7089
"ek main aur ekk tu",2,0.6848,0.6564,-9.0732,0.0581,0.2527,0.0082,0.1254,0.6224,124.7781
"ek main aur ekk tu",3,0.7244,0.6691,-9.0816,0.0435,0.0879,0.0256,0.1196,0.6941,124.3271
"ek main aur ekk tu",4,0.711,0.529,-8.9313,0.0483,0.3967,0,0.1141,0.5249,120.3497
"ek main aur ekk tu",5,0.7216,0.715,-9.4352,0.0449,0.1687,0.0887,0.1347,0.8002,130.3395
"ek main aur ekk tu",6,0.7417,0.7389,-7.1929,0.0645,0.0931,0.0105,0.1423,0.7061,124.5227
"ek main aur ekk tu",7,0.594,0.6081,-8.0088,0.0546,0.5607,0,0.1228,0.5384,117.2025
"ek main aur ekk tu",8,0.6371,0.7368,-7.2895,0.0548,0.0627,0.0547,0.1555,0.6162,135.8814
"ek main aur ekk tu",9,0.6392,0.4105,-12.2514,0.1561,0.2472,0.1109,0.1245,0.5044,98.6723
"ek main aur ekk tu",1,0.7809,0.5573,-12.9505,0.099,0.0324,0.418,0.0965,0.7174,120.7089
"ek main aur ekk tu",2,0.6848,0.6564,-9.0732,0.0581,0.2527,0.0082,0.1254,0.6224,124.7781
"ek main aur ekk tu",3,0.7244,0.6691,-9.0816,0.0435,0.0879,0.0256,0.1196,0.6941,124.3271
"ek main aur ekk tu",4,0.711,0.529,-8.9313,0.0483,0.3967,0,0.1141,0.5249,120.3497
"ek main aur ekk tu",5,0.7216,0.715,-9.4352,0.0449,0.1687,0.0887,0.1347,0.8002,130.3395
"ek main aur ekk tu",6,0.7417,0.7389,-7.1929,0.0645,0.0931,0.0105,0.1423,0.7061,124.5227
"ek main aur ekk tu",7,0.594,0.6081,-8.0088,0.0546,0.5607,0,0.1228,0.5384,117.2025
"ek main aur ekk tu",8,0.6371,0.7368,-7.2895,0.0548,0.0627,0.0547,0.1555,0.6162,135.8814
"ek main aur ekk tu",9,0.6392,0.4105,-12.2514,0.1561,0.2472,0.1109,0.1245,0.5044,98.6723
"desi kalakaar",1,0.6488,0.4246,-11.6876,0.1555,0.7497,0.0036,0.1516,0.59,100.3395
"desi kalakaar",2,0.7516,0.6245,-7.7251,0.1859,0.2783,0,0.1417,0.5292,92.4261
"desi kalakaar",3,0.6913,0.6704,-7.3895,0.1655,0.1275,0.0066,0.1384,0.4827,120.6105
"desi kalakaar",4,0.669,0.5967,-8.1882,0.1524,0.1031,0.0024,0.1452,0.4203,113.1717
"desi kalakaar",5,0.6939,0.6562,-8.4687,0.1176,0.1625,0.0059,0.1273,0.49,92.4533
"desi kalakaar",6,0.8354,0.4641,-10.666,0.4596,0.0964,0.0023,0.1641,0.3981,107.7222
"desi kalakaar",7,0.7985,0.6041,-8.5678,0.2517,0.0791,0.0011,0.1412,0.4451,115.2066
"desi kalakaar",8,0.7335,0.6456,-7.6665,0.1645,0.1848,0,0.1336,0.4507,117.6374
"desi kalakaar",9,0.3949,0.5679,-10.9132,0.0927,0.4048,0.0343,0.1973,0.3682,61.1599
"die for you",1,0.6361,0.2906,-14.1047,0.0602,0.5324,0.6821,0.1165,0.269,110.2829
"die for you",2,0.6589,0.3841,-10.2616,0.0951,0.4068,0,0.117,0.4198,113.7597
"die for you",3,0.5708,0.5371,-9.1124,0.1094,0.5237,0,0.1382,0.2949,108.3099
"die for you",4,0.5632,0.5059,-8.2858,0.0482,0.0985,0.0115,0.1342,0.2688,142.0386
"die for you",5,0.6013,0.4406,-9.1489,0.0755,0.4537,0,0.1208,0.3782,116.4361
"die for you",7,0.3828,0.4073,-10.0771,0.0397,0.7498,0.0027,0.1298,0.2457,129.228
"die for you",8,0.4735,0.511,-8.2625,0.0421,0.2628,0.0121,0.1355,0.1442,138.6491
"die for you",9,0.2124,0.3101,-16.8238,0.0363,0.6559,0.1187,0.1491,0.1789,115.0746
"kashmir main tu kanyakumari",1,0.7721,0.4752,-10.5363,0.0785,0.2024,0.4461,0.1004,0.8135,126.1733
"kashmir main tu kanyakumari",2,0.8359,0.67,-7.0296,0.0896,0.1172,0,0.1093,0.769,102.7152
"kashmir main tu kanyakumari",3,0.8094,0.8137,-6.2953,0.0515,0.2011,0,0.1025,0.9121,108.9265
"kashmir main tu kanyakumari",4,0.7595,0.7327,-7.4812,0.0521,0.0261,0.321,0.1294,0.8227,108.0102
"kashmir main tu kanyakumari",5,0.8352,0.7197,-6.825,0.0571,0.154,0,0.1135,0.8913,106.6577
"kashmir main tu kanyakumari",6,0.7875,0.733,-6.4204,0.0717,0.2402,0,0.1137,0.8246,106.0794
"kashmir main tu kanyakumari",7,0.7685,0.6468,-7.2322,0.0513,0.2323,0,0.1167,0.7368,114.906
"kashmir main tu kanyakumari",8,0.837,0.7838,-5.6144,0.0546,0.2062,0,0.1031,0.8573,108.2864
"kashmir main tu kanyakumari",9,0.8531,0.701,-6.3618,0.0834,0.153,0,0.1006,0.8205,110.2686
"kashmir main tu kanyakumari",10,0.7465,0.7976,-6.5481,0.0472,0.1658,0.0098,0.1421,0.8602,109.2653
"kashmir main tu kanyakumari",11,0.1338,0.5198,-13.8461,0.0394,0.551,0.889,0.1902,0.2895,53.1263
"blue eyes",1,0.5311,0.389,-8.0246,0.0339,0.5421,0.0045,0.1293,0.3631,94.3727
"blue eyes",2,0.4201,0.4192,-6.1355,0.0322,0.4944,0.0057,0.1265,0.3245,156.8225
"blue eyes",3,0.4418,0.5787,-6.8399,0.0394,0.2603,0.0046,0.1423,0.4041,158.4714
"blue eyes",4,0.4778,0.6457,-5.2982,0.0317,0.0528,0.0045,0.1423,0.4218,123.3463
"blue eyes",5,0.4612,0.5985,-6.4114,0.0269,0.1289,0.008,0.1258,0.3981,161.0553
"blue eyes",6,0.4649,0.6252,-5.6546,0.0276,0.0232,0.0093,0.1486,0.4005,145.7524
"blue eyes",7,0.4338,0.6513,-5.5946,0.0369,0.0934,0.0036,0.1531,0.4407,139.8678
"blue eyes",8,0.1581,0.3533,-14.9469,0.0245,0.631,0.1002,0.1577,0.1973,132.581
"snowman - sped up version",1,0.699,0.3138,-11.7972,0.0557,0.7065,0.0274,0.1078,0.3837,111.1462
"snowman - sped up version",2,0.6348,0.4357,-8.5128,0.0318,0.3052,0.0105,0.1081,0.3781,123.3848
"snowman - sped up version",3,0.6727,0.3638,-10.4739,0.0516,0.524,0.0112,0.1172,0.3614,106.5827
"snowman - sped up version",4,0.6907,0.5134,-8.3808,0.0329,0.3352,0.0121,0.1103,0.3941,117.4611
"snowman - sped up version",5,0.3817,0.4234,-14.0695,0.039,0.3764,0.5074,0.157,0.1959,88.6167
"baby",1,0.7485,0.2838,-11.0958,0.0868,0.4749,0.0036,0.1074,0.4,123.0622
"baby",2,0.7495,0.5881,-7.6638,0.088,0.1237,0.014,0.1228,0.392,134.4862
"baby",3,0.7597,0.6374,-6.8675,0.103,0.0961,0.0094,0.1372,0.428,119.0499
"baby",4,0.7635,0.6364,-7.3296,0.1186,0.1217,0.0104,0.1385,0.3587,123.237
"baby",5,0.7057,0.6965,-7.2001,0.1919,0.097,0.005,0.1611,0.3725,124.8389
"baby",6,0.6894,0.6422,-8.3141,0.23,0.1446,0.0031,0.19,0.3937,111.7572
"baby",7,0.6753,0.4978,-8.9904,0.0528,0.2059,0.0068,0.1317,0.3001,119.1613
"baby",8,0.2206,0.3966,-12.9634,0.0341,0.1554,0.4893,0.1416,0.1116,143.9059
"rain over me feat marc anthony",1,0.6285,0.6958,-7.2328,0.054,0.0337,0.0054,0.1523,0.4119,120.162
"rain over me feat marc anthony",2,0.668,0.8363,-5.7451,0.1258,0.0081,0.0105,0.1658,0.4289,130.1953
"rain over me feat marc anthony",3,0.5836,0.7203,-6.5543,0.0458,0.038,0.0071,0.142,0.341,133.0627
"rain over me feat marc anthony",4,0.6914,0.8152,-6.276,0.1205,0.0203,0.024,0.1627,0.3996,131.6451
"rain over me feat marc anthony",5,0.5891,0.7502,-6.3711,0.0467,0.0497,0.0054,0.1502,0.3922,131.0643
"rain over me feat marc anthony",6,0.5788,0.619,-9.9226,0.0541,0.05,0.1298,0.1498,0.2477,128.8846
"rain over me feat marc anthony",7,0.5737,0.7134,-6.3594,0.0521,0.0601,0.0034,0.1359,0.3411,127.0423
"rain over me feat marc anthony",8,0.5365,0.752,-7.1473,0.0479,0.0236,0.0104,0.1757,0.3234,130.4226
"dj got us fallin in love feat pitbull",1,0.7949,0.5222,-10.2286,0.083,0.0927,0.0062,0.1078,0.673,116.2242
"dj got us fallin in love feat pitbull",2,0.6647,0.7469,-6.7164,0.0606,0.0659,0.0078,0.1682,0.5269,120.7046
"dj got us fallin in love feat pitbull",3,0.7198,0.728,-6.0028,0.0713,0.0643,0.0002,0.1347,0.5948,122.5142
"dj got us fallin in love feat pitbull",4,0.6836,0.7459,-6.4486,0.0761,0.0656,0,0.1661,0.573,119.4913
"dj got us fallin in love feat pitbull",5,0.648,0.8418,-5.1443,0.1216,0.0915,0,0.1928,0.5936,115.6702
"dj got us fallin in love feat pitbull",6,0.6221,0.696,-6.6644,0.1491,0.4423,0,0.1863,0.6424,118.742
"dj got us fallin in love feat pitbull",7,0.5684,0.8376,-5.3078,0.0673,0.0793,0.0034,0.1892,0.4278,121.2475
"dj got us fallin in love feat pitbull",8,0.2951,0.6273,-9.2961,0.0421,0.3487,0.0385,0.214,0.3596,81.4802
"excuse me girl ambarsariya",1,0.6855,0.7036,-7.0162,0.1584,0.7656,0,0.1773,0.8247,101.5481
"excuse me girl ambarsariya",2,0.6148,0.7118,-6.7308,0.1012,0.2802,0.0034,0.1417,0.4379,147.1846
"excuse me girl ambarsariya",3,0.6133,0.7263,-6.3068,0.093,0.3771,0.0053,0.1682,0.4955,169.4887
"excuse me girl ambarsariya",4,0.5956,0.6857,-7.0017,0.1311,0.4909,0,0.1462,0.5903,142.9626
"excuse me girl ambarsariya",5,0.654,0.7804,-5.7624,0.124,0.4308,0,0.1415,0.6521,142.4339
"excuse me girl ambarsariya",6,0.5897,0.767,-6.4422,0.1007,0.4084,0,0.1674,0.4782,160.1322
"excuse me girl ambarsariya",7,0.5672,0.5838,-7.5363,0.0836,0.5859,0.02,0.1428,0.395,159.0262
"timber",1,0.6117,0.6656,-8.0469,0.0661,0.608,0.006,0.1924,0.7555,114.024
"timber",2,0.6126,0.847,-5.4177,0.1277,0.0683,0,0.2262,0.632,121.6392
"timber",4,0.6285,0.8679,-4.8593,0.0683,0.0423,0,0.198,0.5878,128.8058
"timber",5,0.6471,0.904,-4.8336,0.0938,0.0439,0.001,0.2043,0.6202,121.7652
"timber",6,0.5656,0.9541,-4.3448,0.0672,0.1213,0.0004,0.2395,0.6169,129.6068
"timber",7,0.4634,0.8378,-5.9176,0.0596,0,0.0059,0.253,0.4497,120.558
"ye ishq hai",1,0.7281,0.484,-10.6866,0.0962,0.5903,0.0243,0.1133,0.6609,112.8521
"ye ishq hai",2,0.7909,0.6602,-6.5011,0.0859,0.3473,0,0.1159,0.7752,118.6551
"ye ishq hai",3,0.6938,0.7055,-7.3817,0.0795,0.2368,0.0065,0.1433,0.7289,119.6718
"ye ishq hai",4,0.8149,0.6536,-8.0685,0.1194,0.4794,0,0.1375,0.7882,119.6626
"ye ishq hai",5,0.7107,0.6997,-6.8737,0.079,0.2557,0,0.1324,0.7708,132.1768
"ye ishq hai",6,0.7003,0.6456,-7.7214,0.069,0.4162,0,0.1364,0.7933,119.205
"ye ishq hai",7,0.7582,0.7158,-6.265,0.1294,0.4305,0,0.1294,0.7805,123.9365
"ye ishq hai",8,0.7907,0.614,-7.7994,0.1174,0.4011,0,0.1216,0.7534,123.8218
"ye ishq hai",9,0.8053,0.714,-6.5197,0.1138,0.32,0,0.1264,0.8124,111.0481
"ye ishq hai",10,0.3431,0.6277,-8.1235,0.0475,0.4624,0.0262,0.1844,0.5176,114.3307
"uff teri adaa",1,0.3615,0.1848,-23.3026,0.046,0.628,0.8607,0.1104,0.0237,106.3813
"uff teri adaa",2,0.3953,0.4235,-11.905,0.0494,0.174,0.0207,0.1413,0.1547,117.4932
"uff teri adaa",3,0.6153,0.6301,-9.0335,0.0598,0.3366,0.0032,0.1429,0.5837,128.9223
"uff teri adaa",4,0.6078,0.8494,-6.575,0.0495,0.0217,0.0491,0.181,0.557,130.4782
"uff teri adaa",5,0.5873,0.8341,-7.2023,0.0447,0.024,0.5053,0.1738,0.5449,126.9927
"uff teri adaa",6,0.6309,0.85,-6.7551,0.0457,0.0291,0.1291,0.1748,0.5376,131.7208
"uff teri adaa",7,0.538,0.8744,-6.285,0.0505,0.0173,0.3182,0.2043,0.4874,128.8804
"uff teri adaa",8,0.5679,0.5234,-11.2483,0.0675,0.4469,0.0101,0.1641,0.3635,129.0879
"uff teri adaa",9,0.655,0.7003,-8.1037,0.0691,0.1566,0.0068,0.1592,0.4471,126.9182
"uff teri adaa",10,0.5824,0.8945,-7.2164,0.0458,0,0.656,0.183,0.5533,127.083
"uff teri adaa",11,0,0.5027,-13.7987,0.0108,0.4989,0.8769,0.1934,0.2231,62.3446
"lat lag gayee",1,0.5918,0.5585,-14.2504,0.0523,0.3064,0.4529,0.1423,0.492,115.7448
"lat lag gayee",2,0.6739,0.6333,-6.975,0.0457,0.3314,0.0001,0.1245,0.6301,137.8531
"lat lag gayee",3,0.6467,0.8155,-6.0849,0.0452,0.401,0,0.1841,0.8221,136.5391
"lat lag gayee",4,0.6049,0.7251,-7.9488,0.0612,0.325,0,0.1811,0.6802,137.6438
"lat lag gayee",6,0.6623,0.8354,-6.7423,0.0484,0.2068,0.0054,0.1824,0.8715,134.9646
"lat lag gayee",7,0.6212,0.7835,-6.9042,0.0471,0.0766,0.0174,0.1613,0.6916,135.4657
"lat lag gayee",8,0.7153,0.6932,-5.9732,0.0679,0.5205,0,0.1438,0.6848,125.4891
"lat lag gayee",9,0.672,0.8255,-6.7762,0.0474,0.3706,0,0.1739,0.8673,136.3372
"lat lag gayee",10,0.2275,0.5097,-14.6882,0.0321,0.2524,0.6078,0.1797,0.2884,136.7454
"sunny sunny",1,0.786,0.5008,-9.4996,0.0694,0.3631,0.0303,0.1067,0.6072,116.1037
"sunny sunny",2,0.736,0.7697,-5.9347,0.0958,0.022,0.0422,0.1505,0.4538,129.3769
"sunny sunny",3,0.6789,0.73,-6.2482,0.1297,0.2099,0,0.1598,0.6001,140.6663
"sunny sunny",4,0.7308,0.7556,-6.3435,0.0821,0.0241,0.0174,0.1671,0.4323,125.9179
"sunny sunny",5,0.5626,0.5266,-10.1294,0.1165,0.6556,0.0054,0.1879,0.53,124.3232
"sunny sunny",6,0.772,0.7556,-5.3869,0.1021,0.0236,0.0078,0.1394,0.5157,130.7027
"sunny sunny",7,0.7238,0.7898,-6.0975,0.1144,0,0.0344,0.1839,0.5028,120.0275
"sunny sunny",8,0.3588,0.6993,-6.7328,0.0746,0.031,0.097,0.1733,0.1745,162.0449
"balam pichkari",1,0.7636,0.5422,-8.3769,0.116,0.5933,0,0.137,0.8221,108.386
"balam pichkari",2,0.7382,0.8483,-5.2075,0.0892,0.2736,0.0032,0.1463,0.8368,120.15
"balam pichkari",3,0.6918,0.857,-5.247,0.0604,0.304,0,0.1627,0.7759,125.2909
"balam pichkari",4,0.6585,0.9026,-4.8196,0.0784,0.1177,0.0009,0.1834,0.7569,116.5032
"balam pichkari",5,0.6882,0.8589,-4.6657,0.0755,0.2537,0,0.1557,0.779,115.5049
"balam pichkari",6,0.714,0.9303,-4.1588,0.0666,0.2257,0,0.1724,0.8177,119.9509
"balam pichkari",7,0.6079,0.9447,-4.5743,0.0686,0.0619,0.1663,0.2019,0.7071,114.54
"balam pichkari",8,0.7034,0.9083,-4.6807,0.0732,0.2337,0,0.1743,0.8208,122.5179
"balam pichkari",9,0.6406,0.9092,-4.3206,0.0733,0.2108,0,0.1983,0.7836,119.559
"balam pichkari",10,0.408,0.8855,-6.6016,0.0559,0.2018,0.0189,0.2348,0.5833,115.133
"badtameez dil",1,0.5709,0.4076,-11.3198,0.0787,0.5558,0.3038,0.1254,0.4693,102.3607
"badtameez dil",2,0.7791,0.8777,-4.1947,0.0893,0.3187,0,0.1531,0.787,107.4138
"badtameez dil",3,0.7885,0.8628,-4.8302,0.0938,0.2981,0,0.1647,0.7788,99.7731
"badtameez dil",4,0.7746,0.9008,-4.5581,0.0789,0.3239,0,0.1582,0.7648,109.6737
"badtameez dil",5,0.75,0.8893,-4.0298,0.0889,0.4439,0,0.1893,0.7304,99.76
"badtameez dil",6,0.7134,0.8677,-5.2711,0.0732,0.163,0,0.1607,0.7627,127.0715
"badtameez dil",7,0.7262,0.8874,-3.7511,0.0771,0.2448,0,0.1906,0.7057,98.2156
"badtameez dil",8,0.789,0.8482,-5.2595,0.092,0.2533,0,0.148,0.7634,105.82
"badtameez dil",9,0.062,0.5846,-11.8831,0.0227,0.423,0.7784,0.2044,0.3126,36.2198
"party on my mind",1,0.6233,0.6131,-12.3453,0.0558,0.6805,0.008,0.2174,0.6741,115.7893
"party on my mind",2,0.7394,0.6237,-7.6053,0.0758,0.1756,0,0.1433,0.4778,122.1871
"party on my mind",3,0.6035,0.7377,-6.6453,0.0733,0.1301,0.0034,0.1913,0.4616,120.9174
"party on my mind",4,0.7491,0.7741,-5.7452,0.1055,0.1421,0.0002,0.1519,0.5695,122.0838
"party on my mind",5,0.6611,0.7737,-7.5521,0.0925,0.1877,0.0032,0.2266,0.5524,119.8122
"party on my mind",6,0.6725,0.7108,-6.5205,0.0543,0.0959,0.0015,0.1666,0.4688,121.0087
"party on my mind",8,0.1765,0.6899,-14.5568,0.0709,0.6233,0.8198,0.3608,0.1677,87.3894
"zingaat",1,0.6966,0.5197,-15.5476,0.0556,0.5475,0.5129,0.1119,0.711,122.6979
"zingaat",2,0.7468,0.8289,-7.5894,0.0726,0.3028,0.052,0.1149,0.6679,119.3657
"zingaat",3,0.7499,0.8506,-7.9874,0.0563,0.1773,0.8177,0.1152,0.6464,118.33
"zingaat",4,0.7967,0.7663,-7.5418,0.0839,0.3035,0.0167,0.1103,0.8475,121.8632
"zingaat",5,0.7333,0.8126,-7.9873,0.0718,0.2124,0.5096,0.1202,0.6355,121.9621
"zingaat",6,0.7882,0.8446,-7.0226,0.094,0.2561,0.0313,0.1264,0.7969,121.8399
"zingaat",7,0.7583,0.7531,-6.8329,0.1069,0.3616,0.1492,0.1175,0.6206,114.2715
"zingaat",8,0.4552,0.6504,-10.3603,0.0445,0.3469,0.8839,0.1499,0.3545,91.9796
"saturday saturday",1,0.6958,0.5714,-9.1211,0.058,0.2094,0.0293,0.1131,0.5192,118.7431
"saturday saturday",2,0.7753,0.7906,-5.6144,0.0861,0.2667,0,0.1314,0.7848,124.7043
"saturday saturday",3,0.7407,0.7958,-5.9632,0.1488,0.1627,0,0.1463,0.786,134.1634
"saturday saturday",4,0.8304,0.8086,-6.1775,0.2455,0.0296,0,0.1459,0.7726,125.5731
"saturday saturday",5,0.7034,0.6809,-7.2117,0.1307,0.3349,0,0.146,0.6167,135.0777
"saturday saturday",6,0.7068,0.7386,-6.8644,0.0731,0.3606,0,0.1568,0.8377,127.138
"saturday saturday",7,0.7053,0.7758,-5.8929,0.0745,0.2891,0,0.1415,0.734,130.7913
"saturday saturday",8,0.7462,1,3.5468,0.1637,0.1142,0.8802,0.1798,0,145.423
"character dheela",1,0.6827,0.766,-9.923,0.1152,0.1693,0.1157,0.1613,0.586,114.1036
"character dheela",2,0.8312,0.8292,-4.1273,0.0914,0.1598,0,0.128,0.8187,112.8438
"character dheela",3,0.785,0.8262,-5.0298,0.0617,0.152,0,0.1318,0.7988,118.1921
"character dheela",4,0.8057,0.7976,-4.7715,0.077,0.2257,0.0005,0.1267,0.7133,115.3311
"character dheela",5,0.7858,0.806,-5.6442,0.097,0.1172,0,0.1285,0.7623,120.8425
"character dheela",6,0.8207,0.7655,-5.521,0.068,0.2416,0,0.1189,0.7808,114.7099
"character dheela",7,0.7491,0.8246,-4.276,0.1123,0.2301,0,0.1648,0.8299,120.2543
"character dheela",8,0.4661,0.8074,-6.8017,0.0499,0.1551,0.0151,0.1805,0.5613,106.6543
"sucker",1,0.8293,0.474,-9.4913,0.1278,0.4326,0,0.1111,0.9079,119.8849
"sucker",2,0.7129,0.7521,-6.8447,0.074,0.162,0.0044,0.1256,0.872,137.346
"sucker",3,0.8184,0.6747,-7.1274,0.0756,0.1262,0.0018,0.1082,0.708,141.2131
"sucker",4,0.7051,0.8291,-5.6916,0.0816,0.0754,0.0029,0.128,0.7124,141.0907
"sucker",5,0.7604,0.713,-6.335,0.0952,0.1503,0.0022,0.1115,0.6733,142.8821
"sucker",6,0.7176,0.7612,-6.7834,0.0806,0.0795,0.0074,0.1403,0.5717,136.2463
"sucker",7,0.6686,1,3.8113,0.1809,0.1084,0.9042,0.1915,0,206.7992
"industry baby",1,0.7435,0.4701,-11.1062,0.1945,0.1867,0,0.1187,0.4911,152.2373
"industry baby",2,0.6787,0.6632,-7.4834,0.1277,0.0575,0.0021,0.1375,0.5989,129.8579
"industry baby",3,0.7464,0.6124,-8.6187,0.1794,0.0375,0.0052,0.1394,0.5441,145.3033
"industry baby",4,0.6596,0.6329,-8.6315,0.105,0.0798,0.0046,0.1535,0.5458,115.4676
"industry baby",5,0.7079,0.6529,-8.6697,0.3173,0.0548,0.0033,0.1783,0.5692,134.5078
"industry baby",6,0.7079,0.631,-8.5089,0.2364,0.0634,0,0.1672,0.5904,94.024
"industry baby",7,0.5967,0.7333,-7.5738,0.0909,0.0319,0.0053,0.1695,0.6333,154.9032
"industry baby",8,0.1428,0.2451,-22.4994,0.03,0.6913,0.8871,0.1618,0.1225,116.2923
"everybody dies in their nightmares",1,0.652,0.4256,-10.6888,0.17,0.8345,0.0001,0.122,0.545,137.2015
"everybody dies in their nightmares",2,0.5812,0.5932,-7.4671,0.138,0.8649,0.0049,0.1436,0.494,125.9111
"everybody dies in their nightmares",3,0.6431,0.3834,-10.2395,0.0999,0.8782,0.0049,0.1151,0.3205,116.3851
"everybody dies in their nightmares",4,0.2416,0.2402,-19.6011,0.034,0.7542,0.3942,0.1485,0.1947,77.8933
"good looking",1,0.3076,0.3217,-11.9378,0.0313,0.5377,0.035,0.1243,0.0844,131.8519
"good looking",2,0.3879,0.4138,-9.5362,0.0314,0.2661,0.1241,0.139,0.1737,121.7092
"good looking",3,0.3662,0.4209,-10.3554,0.0341,0.4804,0.0234,0.1342,0.1526,126.2249
"good looking",4,0.341,0.4527,-8.9755,0.0352,0.0771,0.2552,0.1431,0.1916,133.2134
"good looking",5,0.3708,0.3387,-11.4351,0.0367,0.3024,0.0181,0.1345,0.1604,98.0748
"good looking",6,0.3886,0.4297,-8.6076,0.025,0.2629,0.0145,0.1316,0.197,113.2949
"good looking",7,0.3312,0.5123,-7.2954,0.0323,0.0836,0.1192,0.1475,0.2134,103.1973
"good looking",8,0.1106,0.1764,-23.6839,0.0288,0.7397,0.9228,0.1511,0.0771,105.7839
"ajj din chadheya",1,0.507,0.4263,-14.0706,0.0482,0.5278,0.4533,0.1157,0.4445,130.3049
"ajj din chadheya",2,0.5434,0.5124,-7.9549,0.0394,0.8058,0.0111,0.1249,0.4319,91.7951
"ajj din chadheya",3,0.5211,0.5628,-8.4602,0.0363,0.7093,0.0045,0.1317,0.5109,85.7197
"ajj din chadheya",4,0.5565,0.5858,-7.713,0.0411,0.6949,0.0003,0.1186,0.5351,89.2107
"ajj din chadheya",5,0.5204,0.5783,-7.4515,0.0368,0.7115,0.004,0.1206,0.5761,119.3546
"ajj din chadheya",6,0.4807,0.629,-7.8661,0.0353,0.5712,0.2292,0.1284,0.5962,90.6253
"ajj din chadheya",7,0.5628,0.5595,-7.6232,0.0366,0.7589,0.0027,0.1327,0.6381,99.4388
"ajj din chadheya",8,0.506,0.6067,-7.1128,0.0459,0.7566,0.0016,0.1339,0.5268,123.5007
"ajj din chadheya",9,0.4949,0.5497,-7.92,0.0329,0.7646,0.0127,0.1264,0.5606,120.1594
"ajj din chadheya",10,0.4565,0.6658,-5.8584,0.0365,0.4471,0.1051,0.1357,0.5005,88.0247
"ajj din chadheya",11,0.1575,0.5538,-10.6026,0.0273,0.5083,0.3867,0.1781,0.3283,52.084
"teri ore",1,0.5885,0.3801,-11.5539,0.0535,0.3965,0.0337,0.1227,0.5844,109.2764
"teri ore",2,0.6379,0.5076,-7.3751,0.0548,0.3696,0.0008,0.1242,0.5507,139.3259
"teri ore",4,0.5012,0.6035,-6.9011,0.0565,0.1134,0.0089,0.1519,0.5345,148.5164
"teri ore",5,0.5338,0.5949,-7.1553,0.0486,0.3278,0.0034,0.1466,0.518,149.046
"teri ore",6,0.5456,0.6732,-7.2815,0.0568,0.0355,0.0119,0.1717,0.71,151.0522
"teri ore",7,0.5384,0.5941,-7.681,0.0512,0.1472,0.0129,0.1351,0.6391,157.7452
"teri ore",8,0.5245,0.5901,-7.9312,0.0517,0.319,0.005,0.1493,0.5935,142.3746
"teri ore",9,0.5546,0.6078,-7.4288,0.0545,0.2135,0.0079,0.1392,0.6232,145.6878
"teri ore",10,0.5716,0.5875,-7.6627,0.05,0.2587,0.0034,0.1348,0.5677,146.4434
"teri ore",11,0.4618,0.7674,-6.4079,0.0557,0.0158,0.0139,0.1928,0.6079,155.9713
"teri ore",12,0.1882,0.6584,-10.3194,0.0255,0.1914,0.7716,0.1928,0.4319,137.9602
"if i cant have you",1,0.6553,0.5372,-9.4469,0.0735,0.6466,0.0003,0.1201,0.6509,117.3045
"if i cant have you",2,0.674,0.6858,-6.7969,0.095,0.529,0,0.1226,0.6503,113.246
"if i cant have you",3,0.6674,0.7095,-6.3576,0.0853,0.5199,0,0.149,0.689,128.4557
"if i cant have you",4,0.7226,0.6829,-7.4112,0.0703,0.5499,0.0002,0.1128,0.7179,121.7757
"if i cant have you",5,0.659,0.7751,-6.0177,0.0768,0.5299,0.0004,0.15,0.7294,128.4105
"if i cant have you",6,0.6216,0.6397,-6.7439,0.0896,0.7163,0,0.1771,0.6003,114.6881
"if i cant have you",7,0.2638,0.6496,-8.9841,0.0303,0.5789,0.0344,0.1956,0.4319,76.3699
"lonely with benny blanco",1,0.4605,0.1237,-18.324,0.0557,0.9175,0.0303,0.1062,0.2861,101.5537
"lonely with benny blanco",2,0.521,0.2145,-10.6835,0.0399,0.9157,0.0099,0.1001,0.2629,133.9958
"lonely with benny blanco",3,0.5393,0.2592,-10.6114,0.0483,0.8805,0.0083,0.1016,0.2372,122.8916
"lonely with benny blanco",4,0.5169,0.2357,-10.4713,0.0396,0.9166,0.0075,0.1028,0.1881,122.2217
"lonely with benny blanco",5,0.4342,0.1958,-14.8119,0.0472,0.8953,0.0341,0.116,0.2007,125.3113
"lonely with benny blanco",6,0.6597,1,3.8389,0.1819,0.1116,0.9012,0.1917,0,206.5453
"feel me",1,0.5531,0.2937,-11.4935,0.112,0.9323,0.0018,0.1256,0.459,101.9928
"feel me",2,0.5838,0.7098,-7.2138,0.0855,0.3405,0.0057,0.1358,0.3651,157.9544
"feel me",3,0.533,0.5332,-7.8042,0.1208,0.6739,0,0.1556,0.4417,137.6598
"feel me",4,0.5826,0.6736,-7.8214,0.0969,0.396,0.0187,0.1478,0.2902,158.722
"feel me",5,0.4374,0.6695,-8.2451,0.078,0.3753,0.0189,0.1463,0.2638,160.1074
"feel me",6,0.5504,0.6101,-9.1647,0.0742,0.403,0.0525,0.1414,0.4054,131.5292
"feel me",7,0.5238,0.789,-6.2409,0.0628,0.2791,0.0027,0.1704,0.3703,111.207
"feel me",8,0.1822,0.514,-13.7483,0.0406,0.5112,0.7665,0.1809,0.2399,99.1616
"unforgettable",1,0.6276,0.4911,-10.6603,0.1191,0.3104,0.1523,0.1113,0.3942,152.5991
"unforgettable",2,0.5696,0.6667,-7.1787,0.1378,0.1994,0.0008,0.1246,0.4293,172.5428
"unforgettable",3,0.5951,0.7496,-7.1976,0.1247,0.1076,0.02,0.1377,0.6463,144.9238
"unforgettable",4,0.5931,0.7122,-7.7722,0.1641,0.182,0.0084,0.1401,0.5346,149.4021
"unforgettable",5,0.6265,0.6658,-7.3798,0.129,0.1692,0.0045,0.1185,0.4324,161.1735
"unforgettable",6,0.5441,0.7656,-6.6607,0.1003,0.1309,0.0245,0.146,0.5186,141.618
"unforgettable",7,0.5413,0.756,-6.549,0.137,0.0586,0.0214,0.1426,0.4303,132.4087
"unforgettable",8,0.3558,0.5667,-10.436,0.07,0.176,0.0361,0.1576,0.3743,148.4211
"deva deva from brahmastra",1,0.3949,0.1485,-14.7741,0.0383,0.9454,0.0316,0.1202,0.1443,106.2799
"deva deva from brahmastra",2,0.6437,0.5594,-9.4165,0.0399,0.6146,0.0342,0.1066,0.3616,114.0353
"deva deva from brahmastra",3,0.5546,0.5853,-8.3179,0.0579,0.6013,0.0043,0.1508,0.3468,117.998
"deva deva from brahmastra",4,0.516,0.6002,-9.0221,0.0333,0.5853,0.0228,0.1286,0.3519,111.5665
"deva deva from brahmastra",5,0.4432,0.6808,-8.999,0.0365,0.5721,0.3265,0.1322,0.3361,118.16
"deva deva from brahmastra",6,0.5621,0.464,-9.8644,0.0294,0.7489,0.0049,0.1152,0.3261,113.0652
"deva deva from brahmastra",7,0.4882,0.6171,-8.6482,0.0376,0.6309,0.0205,0.1338,0.318,114.6971
"deva deva from brahmastra",8,0.4909,0.7216,-8.4672,0.0373,0.4809,0.0438,0.1294,0.3514,114.7189
"deva deva from brahmastra",9,0.3653,0.4406,-13.1726,0.042,0.726,0.633,0.126,0.1614,110.4527
"deva deva from brahmastra",10,0.6801,1,2.3489,0.1499,0.1153,0.8041,0.1828,0.0024,156.8224
"shivers",1,0.8451,0.5497,-8.1014,0.0992,0.388,0.0216,0.1123,0.6702,129.456
"shivers",2,0.7416,0.6974,-5.7062,0.1001,0.2841,0,0.1276,0.6925,143.2702
"shivers",3,0.6829,0.7435,-6.051,0.0681,0.2648,0.0047,0.1389,0.7035,134.7997
"shivers",4,0.7318,0.7129,-5.7666,0.0652,0.3903,0.0063,0.1392,0.6789,135.1514
"shivers",5,0.6497,0.8243,-4.5471,0.0805,0.2378,0.0005,0.1577,0.7459,140.256
"shivers",6,0.6837,0.725,-5.6599,0.0758,0.4104,0.0055,0.1503,0.8,138.9838
"shivers",7,0.5916,0.8166,-5.934,0.094,0.182,0.0029,0.2001,0.556,135.5862
"love me again",1,0.4028,0.2699,-17.3668,0.0412,0.6285,0.0325,0.1342,0.2056,99.5837
"love me again",2,0.534,0.5986,-7.191,0.0413,0.4143,0.0164,0.1767,0.3245,118.9071
"love me again",3,0.6044,0.8371,-5.5602,0.0507,0.0563,0.0205,0.1937,0.4304,126.0944
"love me again",4,0.5848,0.8181,-6.4569,0.0659,0.0192,0.0078,0.1728,0.4021,124.7732
"love me again",5,0.5193,0.9109,-5.1046,0.0554,0.0049,0.0649,0.2069,0.4015,125.4674
"love me again",6,0.376,0.4838,-10.437,0.036,0.1821,0.0331,0.144,0.1605,116.6716
"love me again",7,0.5326,0.7842,-6.0189,0.0473,0.1918,0.0407,0.1694,0.422,122.74
"love me again",8,0.4617,0.7197,-10.3713,0.0522,0.0306,0.7753,0.1665,0.23,123.3897
"double take",1,0.523,0.2,-16.2852,0.074,0.8849,0.0217,0.1147,0.2697,94.8748
"double take",2,0.7052,0.4072,-9.668,0.0883,0.7056,0.0035,0.1161,0.4918,106.7916
"double take",3,0.6424,0.3197,-11.4424,0.0673,0.803,0.0297,0.1074,0.2843,105.6578
"double take",4,0.6924,0.3316,-10.5936,0.1036,0.8078,0,0.1104,0.4798,101.87
"double take",5,0.618,0.4279,-8.9936,0.0461,0.7798,0.0024,0.1137,0.3623,111.2946
"double take",6,0.2291,0.1973,-19.7242,0.0351,0.9535,0.8578,0.1303,0.0989,122.8745
"i cant get enough benny blanco selena gomez j balvin tainy",1,0.7414,0.2894,-11.6557,0.2354,0.7151,0,0.1267,0.6632,108.8573
"i cant get enough benny blanco selena gomez j balvin tainy",2,0.6753,0.5642,-7.4213,0.202,0.3151,0,0.1232,0.6181,156.1943
"i cant get enough benny blanco selena gomez j balvin tainy",3,0.688,0.5927,-7.338,0.2489,0.3712,0,0.1381,0.5328,105.6589
"i cant get enough benny blanco selena gomez j balvin tainy",4,0.793,0.4569,-9.9825,0.2184,0.3287,0,0.1153,0.5178,95.1664
"i cant get enough benny blanco selena gomez j balvin tainy",5,0.6338,0.6018,-8.3565,0.1652,0.4126,0,0.1422,0.4713,143.9506
"i cant get enough benny blanco selena gomez j balvin tainy",6,0.2516,0.5628,-10.2378,0.0582,0.3648,0.0494,0.1679,0.4228,120.8459
"zaalima",1,0.5209,0.4417,-14.3238,0.0478,0.7326,0.6203,0.1187,0.5979,123.4158
"zaalima",2,0.5702,0.6695,-6.9395,0.0814,0.4199,0.0009,0.1372,0.6745,138.5705
"zaalima",3,0.5208,0.7004,-7.0865,0.0592,0.5367,0.0032,0.1351,0.7366,152.4824
"zaalima",4,0.6242,0.654,-6.9962,0.0663,0.5171,0,0.1612,0.7908,106.9919
"zaalima",5,0.5077,0.7484,-7.2514,0.0704,0.2441,0.012,0.1423,0.7739,148.3991
"zaalima",6,0.5932,0.7289,-7.6042,0.053,0.5598,0.0026,0.1395,0.8604,122.2317
"zaalima",7,0.5241,0.7129,-6.7481,0.0598,0.5459,0.0001,0.1389,0.7325,136.1866
"zaalima",10,0.3657,0.6297,-8.7221,0.0904,0.6305,0.0036,0.1824,0.5199,159.7899
